{
    "run": {
        "0": {
            "answer": [
                "2310.00752",
                "2310.00785",
                "1802.03292",
                "2310.00785"
            ],
            "n_predictions": 4,
            "n_correct": 2,
            "P": 0.5,
            "R": 0.2,
            "F1": 0.28571428571428575
        },
        "1": {
            "answer": [
                "1501.05039",
                "2310.09204",
                "2311.09204"
            ],
            "n_predictions": 3,
            "n_correct": 1,
            "P": 0.3333333333333333,
            "R": 0.1,
            "F1": 0.15384615384615383
        },
        "2": {
            "answer": [
                "2207.07901",
                "2310.19740"
            ],
            "n_predictions": 2,
            "n_correct": 1,
            "P": 0.5,
            "R": 0.1,
            "F1": 0.16666666666666669
        },
        "3": {
            "answer": [
                "1610.07365",
                "1802.03292",
                "2303.07610",
                "2310.17631"
            ],
            "n_predictions": 4,
            "n_correct": 2,
            "P": 0.5,
            "R": 0.2,
            "F1": 0.28571428571428575
        },
        "4": {
            "answer": [
                "2302.04166",
                "2310.17631",
                "2205.01592",
                "2307.10928",
                "1908.05986"
            ],
            "n_predictions": 5,
            "n_correct": 3,
            "P": 0.6,
            "R": 0.3,
            "F1": 0.4
        },
        "5": {
            "answer": [
                "2303.07610",
                "2205.01553",
                "2310.00731",
                "2310.17631",
                "2310.04166"
            ],
            "n_predictions": 5,
            "n_correct": 2,
            "P": 0.4,
            "R": 0.2,
            "F1": 0.26666666666666666
        },
        "6": {
            "answer": [
                "2310.00752",
                "2310.00785"
            ],
            "n_predictions": 2,
            "n_correct": 2,
            "P": 1.0,
            "R": 0.2,
            "F1": 0.33333333333333337
        },
        "7": {
            "answer": [
                "1501.05039",
                "2310.00785",
                "2310.17631",
                "2311.09184"
            ],
            "n_predictions": 4,
            "n_correct": 3,
            "P": 0.75,
            "R": 0.3,
            "F1": 0.4285714285714285
        },
        "8": {
            "answer": [
                "2307.10928",
                "1501.05039",
                "1908.05984",
                "2310.00074",
                "2311.09184",
                "2205.01553",
                "1908.05984",
                "2311.09184"
            ],
            "n_predictions": 8,
            "n_correct": 3,
            "P": 0.375,
            "R": 0.3,
            "F1": 0.33333333333333326
        },
        "9": {
            "answer": [
                "2310.00785",
                "2205.01553",
                "2311.09210",
                "1908.05986",
                "1908.05986",
                "1610.07365",
                "1501.05039",
                "1802.03292",
                "2303.07610"
            ],
            "n_predictions": 9,
            "n_correct": 2,
            "P": 0.2222222222222222,
            "R": 0.2,
            "F1": 0.2105263157894737
        }
    },
    "mean_P": 0.5180555555555555,
    "mean_R": 0.21000000000000002,
    "mean_F1": 0.2864372469635628,
    "combined": {
        "answer": [
            "2310.00752",
            "2310.00785",
            "1802.03292",
            "2310.00785",
            "1501.05039",
            "2310.09204",
            "2311.09204",
            "2207.07901",
            "2310.19740",
            "1610.07365",
            "1802.03292",
            "2303.07610",
            "2310.17631",
            "2302.04166",
            "2310.17631",
            "2205.01592",
            "2307.10928",
            "1908.05986",
            "2303.07610",
            "2205.01553",
            "2310.00731",
            "2310.17631",
            "2310.04166",
            "2310.00752",
            "2310.00785",
            "1501.05039",
            "2310.00785",
            "2310.17631",
            "2311.09184",
            "2307.10928",
            "1501.05039",
            "1908.05984",
            "2310.00074",
            "2311.09184",
            "2205.01553",
            "1908.05984",
            "2311.09184",
            "2310.00785",
            "2205.01553",
            "2311.09210",
            "1908.05986",
            "1908.05986",
            "1610.07365",
            "1501.05039",
            "1802.03292",
            "2303.07610"
        ],
        "n_predictions": 46,
        "n_correct": 10,
        "P": 0.21739130434782608,
        "R": 1.0,
        "F1": 0.3571428571428571,
        "hallucinations": [
            "1908.05984",
            "2205.01592",
            "2310.00731",
            "2310.04166",
            "2310.09204",
            "2311.09210"
        ]
    },
    "duplicates": {
        "n_predictions": 11,
        "n_correct": 6,
        "P": 0.5454545454545454,
        "R": 0.6,
        "F1": 0.5714285714285713,
        "hallucinations": [
            "1908.05984"
        ]
    }
}